cust_id,gender
3500,0.447026
3501,0.24728048
3502,0.23681045
3503,0.40527934
3504,0.39662194
3505,0.3232897
3506,0.24091306
3507,0.43035483
3508,0.34914702
3509,0.29532886
3510,0.18563965
3511,0.41346073
3512,0.27690434
3513,0.28295508
3514,0.38561708
3515,0.2655055
3516,0.196971
3517,0.32411212
3518,0.43215123
3519,0.48420355
3520,0.39105135
3521,0.43711188
3522,0.42337447
3523,0.23748308
3524,0.27609742
3525,0.4651585
3526,0.19541553
3527,0.49893445
3528,0.41176888
3529,0.40149665
3530,0.25955373
3531,0.426875
3532,0.28202313
3533,0.31872123
3534,0.3978665
3535,0.4082275
3536,0.6128425
3537,0.44387817
3538,0.3978665
3539,0.42337447
3540,0.23212457
3541,0.33890855
3542,0.4455156
3543,0.440548
3544,0.39326277
3545,0.40014222
3546,0.27897513
3547,0.24615556
3548,0.4651585
3549,0.2816339
3550,0.34869188
3551,0.3978665
3552,0.42267275
3553,0.25437295
3554,0.30896586
3555,0.26611158
3556,0.39326277
3557,0.29185754
3558,0.25091815
3559,0.26938778
3560,0.4103595
3561,0.3228711
3562,0.3617154
3563,0.3001058
3564,0.41080937
3565,0.42981994
3566,0.13058004
3567,0.4171804
3568,0.34875318
3569,0.48544812
3570,0.24788848
3571,0.39662194
3572,0.4651585
3573,0.39662194
3574,0.37443167
3575,0.4651585
3576,0.40274125
3577,0.23350057
3578,0.33873582
3579,0.1953386
3580,0.42337447
3581,0.49842122
3582,0.4651585
3583,0.4178882
3584,0.4084097
3585,0.23975188
3586,0.22910991
3587,0.24029854
3588,0.3604895
3589,0.33828044
3590,0.32367876
3591,0.2666101
3592,0.42337447
3593,0.54028594
3594,0.32491636
3595,0.3604583
3596,0.34869188
3597,0.34953845
3598,0.32755306
3599,0.3992607
3600,0.2838756
3601,0.2509964
3602,0.3781019
3603,0.22982302
3604,0.39326277
3605,0.30184412
3606,0.349119
3607,0.24575162
3608,0.34249657
3609,0.41529644
3610,0.4082275
3611,0.49842122
3612,0.42337447
3613,0.3087957
3614,0.4395246
3615,0.33927256
3616,0.4082275
3617,0.42024407
3618,0.40274125
3619,0.23042133
3620,0.4071408
3621,0.24687639
3622,0.43929303
3623,0.3574467
3624,0.33224562
3625,0.42981994
3626,0.4378197
3627,0.29159507
3628,0.41476113
3629,0.22036105
3630,0.30783
3631,0.49842122
3632,0.3560083
3633,0.2515637
3634,0.2318055
3635,0.3316755
3636,0.49355808
3637,0.37810504
3638,0.41664362
3639,0.5835692
3640,0.40149665
3641,0.24079704
3642,0.5995719
3643,0.29693764
3644,0.37664086
3645,0.36094838
3646,0.2369394
3647,0.4103595
3648,0.4651585
3649,0.31173342
3650,0.34813124
3651,0.42856818
3652,0.27661705
3653,0.44047105
3654,0.41230565
3655,0.45542273
3656,0.41468227
3657,0.40085655
3658,0.24728048
3659,0.20881253
3660,0.30915377
3661,0.39326277
3662,0.23300207
3663,0.4082275
3664,0.42874995
3665,0.4412207
3666,0.42337447
3667,0.27861515
3668,0.27154487
3669,0.4395246
3670,0.39108786
3671,0.49842122
3672,0.23793176
3673,0.40114653
3674,0.3981101
3675,0.27487788
3676,0.26453233
3677,0.43789753
3678,0.2607302
3679,0.24082124
3680,0.2666101
3681,0.42337447
3682,0.38336205
3683,0.26453787
3684,0.28508526
3685,0.4222078
3686,0.28836146
3687,0.3841318
3688,0.32491636
3689,0.42024407
3690,0.42800015
3691,0.23300207
3692,0.3893052
3693,0.35366893
3694,0.25955373
3695,0.60317236
3696,0.49737987
3697,0.42813176
3698,0.2883135
3699,0.24428466
3700,0.27741045
3701,0.25113493
3702,0.4081349
3703,0.49647704
3704,0.435538
3705,0.4743049
3706,0.28881198
3707,0.2057307
3708,0.18610504
3709,0.2838326
3710,0.27053034
3711,0.25409847
3712,0.42024407
3713,0.29498357
3714,0.43469143
3715,0.21417096
3716,0.3572639
3717,0.4585421
3718,0.23042133
3719,0.2999136
3720,0.39951944
3721,0.448529
3722,0.27861515
3723,0.44047105
3724,0.31173342
3725,0.39326277
3726,0.42337447
3727,0.42362398
3728,0.3572639
3729,0.4082275
3730,0.3315236
3731,0.37144655
3732,0.3978665
3733,0.5332468
3734,0.26901877
3735,0.27002323
3736,0.2725711
3737,0.4395246
3738,0.28710878
3739,0.49647704
3740,0.3978665
3741,0.4909344
3742,0.40629256
3743,0.22949743
3744,0.3978616
3745,0.2600625
3746,0.42267275
3747,0.29592156
3748,0.1717242
3749,0.42024407
3750,0.23509559
3751,0.42024407
3752,0.2509256
3753,0.4596722
3754,0.39326277
3755,0.44076917
3756,0.42337447
3757,0.3198572
3758,0.39326277
3759,0.32217598
3760,0.1939908
3761,0.38266554
3762,0.32217598
3763,0.22722226
3764,0.45842764
3765,0.19168878
3766,0.4178882
3767,0.42961514
3768,0.265954
3769,0.2813943
3770,0.4651585
3771,0.23162606
3772,0.41301346
3773,0.3572639
3774,0.2999136
3775,0.42337447
3776,0.4909344
3777,0.3332697
3778,0.282143
3779,0.29333785
3780,0.34914702
3781,0.4272765
3782,0.3572639
3783,0.2664671
3784,0.34366074
3785,0.42337447
3786,0.3332697
3787,0.49378306
3788,0.34914702
3789,0.35301447
3790,0.26708937
3791,0.3037871
3792,0.4082275
3793,0.4159358
3794,0.3046638
3795,0.39012527
3796,0.22802353
3797,0.4081416
3798,0.36595523
3799,0.32664478
3800,0.21078333
3801,0.24636647
3802,0.29117215
3803,0.29931125
3804,0.27585268
3805,0.38101333
3806,0.41804144
3807,0.20831406
3808,0.40881708
3809,0.24984479
3810,0.27352345
3811,0.41044414
3812,0.42361403
3813,0.42024407
3814,0.36690745
3815,0.4082275
3816,0.43867177
3817,0.20677418
3818,0.23196667
3819,0.3145553
3820,0.27398917
3821,0.44866213
3822,0.30240315
3823,0.2748757
3824,0.17879015
3825,0.39150545
3826,0.24343553
3827,0.46454567
3828,0.29931125
3829,0.38751692
3830,0.60630274
3831,0.24588215
3832,0.27325672
3833,0.23773816
3834,0.24239248
3835,0.2570216
3836,0.24091306
3837,0.28533238
3838,0.4412207
3839,0.33670166
3840,0.39254105
3841,0.27861515
3842,0.2959739
3843,0.29931125
3844,0.35998154
3845,0.17016453
3846,0.30398792
3847,0.19255689
3848,0.3202342
3849,0.49842122
3850,0.25530314
3851,0.29548204
3852,0.42856818
3853,0.27441853
3854,0.24741575
3855,0.256421
3856,0.46122572
3857,0.29931125
3858,0.25038704
3859,0.40149665
3860,0.42337447
3861,0.18010661
3862,0.3300344
3863,0.45637193
3864,0.44848388
3865,0.4159358
3866,0.31173342
3867,0.21303338
3868,0.41176888
3869,0.4432787
3870,0.2830009
3871,0.35532272
3872,0.40149665
3873,0.39326277
3874,0.4084097
3875,0.24824157
3876,0.3172875
3877,0.23138788
3878,0.46706414
3879,0.42337447
3880,0.42024407
3881,0.2273244
3882,0.36014777
3883,0.3541114
3884,0.24728048
3885,0.4077019
3886,0.4651585
3887,0.3491388
3888,0.3401659
3889,0.27741045
3890,0.4082275
3891,0.25020993
3892,0.1612131
3893,0.21187404
3894,0.18609011
3895,0.12551913
3896,0.23489258
3897,0.29223445
3898,0.42337447
3899,0.2959739
3900,0.42337447
3901,0.411794
3902,0.3376577
3903,0.28420994
3904,0.2568663
3905,0.30096352
3906,0.4281196
3907,0.23162606
3908,0.27346957
3909,0.40881708
3910,0.296772
3911,0.23162606
3912,0.4651585
3913,0.41520786
3914,0.27275825
3915,0.26220074
3916,0.32367876
3917,0.4082275
3918,0.49842122
3919,0.24000725
3920,0.6262644
3921,0.34967422
3922,0.42267275
3923,0.4651585
3924,0.42337447
3925,0.20102695
3926,0.30046386
3927,0.26453787
3928,0.36831617
3929,0.39326277
3930,0.41176888
3931,0.25409847
3932,0.3978665
3933,0.39326277
3934,0.24140114
3935,0.25020993
3936,0.17987105
3937,0.27059248
3938,0.4159358
3939,0.338786
3940,0.40863848
3941,0.31419316
3942,0.20831406
3943,0.28956616
3944,0.15857077
3945,0.34869188
3946,0.40387
3947,0.15977547
3948,0.3184774
3949,0.4171804
3950,0.40898424
3951,0.41106108
3952,0.40387
3953,0.41703808
3954,0.60317236
3955,0.39450735
3956,0.23196667
3957,0.26877582
3958,0.39662194
3959,0.3087957
3960,0.4651585
3961,0.6086559
3962,0.42052743
3963,0.24570683
3964,0.3731758
3965,0.4743049
3966,0.23162606
3967,0.28831086
3968,0.42337447
3969,0.3211769
3970,0.31328565
3971,0.16676053
3972,0.42024407
3973,0.6177825
3974,0.3432318
3975,0.49842122
3976,0.3425666
3977,0.32986075
3978,0.4082275
3979,0.5313228
3980,0.27552003
3981,0.28245658
3982,0.39213288
3983,0.27270555
3984,0.28089058
3985,0.23162606
3986,0.23624182
3987,0.23956186
3988,0.2959739
3989,0.49842122
3990,0.24530646
3991,0.308603
3992,0.2633332
3993,0.27741045
3994,0.2816131
3995,0.38998246
3996,0.31588548
3997,0.2816339
3998,0.4909344
3999,0.52581716
4000,0.259753
4001,0.28343993
4002,0.41579658
4003,0.25394636
4004,0.34813124
4005,0.2776425
4006,0.42337447
4007,0.39662194
4008,0.30419618
4009,0.38773456
4010,0.387602
4011,0.34914702
4012,0.41230565
4013,0.3867126
4014,0.28245658
4015,0.41398287
4016,0.3117734
4017,0.40527934
4018,0.35629958
4019,0.4313595
4020,0.2419838
4021,0.4036023
4022,0.41205394
4023,0.35946214
4024,0.4065239
4025,0.41230565
4026,0.540805
4027,0.4082275
4028,0.30419618
4029,0.23748308
4030,0.13051257
4031,0.29950196
4032,0.3781019
4033,0.38578787
4034,0.26853955
4035,0.29474935
4036,0.37674794
4037,0.25530314
4038,0.3594693
4039,0.26042646
4040,0.4844953
4041,0.39800006
4042,0.22714508
4043,0.2920503
4044,0.43149093
4045,0.4909344
4046,0.3087957
4047,0.30992115
4048,0.4116041
4049,0.37113988
4050,0.19923162
4051,0.39326277
4052,0.27059248
4053,0.2721271
4054,0.3978665
4055,0.4909344
4056,0.42024407
4057,0.3332697
4058,0.39326277
4059,0.60630274
4060,0.43711188
4061,0.4171804
4062,0.37905702
4063,0.23930934
4064,0.42337447
4065,0.53482246
4066,0.23438779
4067,0.23300207
4068,0.21994728
4069,0.4077019
4070,0.26951727
4071,0.37199813
4072,0.32491636
4073,0.29297197
4074,0.27847418
4075,0.26346886
4076,0.45278445
4077,0.29209358
4078,0.42024407
4079,0.42337447
4080,0.3978665
4081,0.21417096
4082,0.31963578
4083,0.297069
4084,0.49293494
4085,0.43378207
4086,0.36316377
4087,0.42813176
4088,0.3228711
4089,0.28477478
4090,0.3321253
4091,0.37085807
4092,0.4097436
4093,0.40149665
4094,0.24656102
4095,0.29330438
4096,0.35781395
4097,0.4909344
4098,0.37759763
4099,0.4082275
4100,0.40149665
4101,0.25113222
4102,0.2816339
4103,0.23300207
4104,0.23300207
4105,0.40348363
4106,0.17382765
4107,0.3235929
4108,0.28686106
4109,0.41579658
4110,0.26919007
4111,0.44076917
4112,0.3117734
4113,0.25767413
4114,0.39662194
4115,0.4159358
4116,0.4023911
4117,0.43465114
4118,0.2959739
4119,0.41703808
4120,0.40915182
4121,0.6001087
4122,0.40527934
4123,0.44381547
4124,0.64305294
4125,0.25807327
4126,0.23748308
4127,0.30220914
4128,0.20831406
4129,0.4183756
4130,0.34869188
4131,0.41230565
4132,0.31041303
4133,0.23688677
4134,0.44242343
4135,0.31477517
4136,0.40863848
4137,0.2559306
4138,0.31425473
4139,0.3363634
4140,0.4082275
4141,0.26718014
4142,0.26827735
4143,0.3366151
4144,0.60317236
4145,0.60317236
4146,0.30046386
4147,0.40149665
4148,0.41176888
4149,0.42024407
4150,0.2858327
4151,0.40149665
4152,0.4558947
4153,0.40467355
4154,0.33360624
4155,0.29948485
4156,0.27722156
4157,0.27718252
4158,0.40863848
4159,0.24994475
4160,0.42024407
4161,0.27325672
4162,0.36595523
4163,0.24790129
4164,0.49842122
4165,0.40216908
4166,0.3978665
4167,0.42337447
4168,0.41176888
4169,0.26272255
4170,0.36650136
4171,0.4082275
4172,0.23188359
4173,0.42813176
4174,0.40635413
4175,0.24741393
4176,0.36070836
4177,0.24477959
4178,0.38250333
4179,0.22028261
4180,0.27714282
4181,0.22146747
4182,0.39326277
4183,0.2650015
4184,0.23748308
4185,0.21700853
4186,0.35792384
4187,0.23624182
4188,0.49842122
4189,0.41106108
4190,0.23162606
4191,0.41268805
4192,0.4651585
4193,0.42337447
4194,0.4272765
4195,0.4909344
4196,0.4651585
4197,0.41230565
4198,0.4378197
4199,0.28996462
4200,0.41539007
4201,0.39326277
4202,0.21417096
4203,0.42024407
4204,0.3398487
4205,0.23300207
4206,0.5063731
4207,0.28508526
4208,0.28812006
4209,0.4156804
4210,0.3087957
4211,0.34869188
4212,0.41476113
4213,0.2739697
4214,0.2987971
4215,0.31328565
4216,0.47717482
4217,0.2928008
4218,0.38783717
4219,0.4224607
4220,0.42337447
4221,0.38081947
4222,0.41176888
4223,0.21901184
4224,0.221477
4225,0.3008563
4226,0.3386156
4227,0.31173342
4228,0.22784111
4229,0.44242343
4230,0.4082275
4231,0.36658257
4232,0.4147578
4233,0.24707428
4234,0.4339831
4235,0.4171804
4236,0.29445457
4237,0.4412207
4238,0.42024407
4239,0.32691908
4240,0.26877582
4241,0.20710936
4242,0.23091218
4243,0.2650015
4244,0.4206295
4245,0.2526325
4246,0.4909344
4247,0.4152979
4248,0.22268218
4249,0.42337447
4250,0.24944627
4251,0.37848732
4252,0.22295001
4253,0.39450735
4254,0.23931313
4255,0.31981075
4256,0.24819049
4257,0.39521256
4258,0.4909344
4259,0.52581716
4260,0.43789753
4261,0.19517004
4262,0.25964308
4263,0.43761024
4264,0.2643998
4265,0.1862973
4266,0.62286985
4267,0.27059248
4268,0.21565717
4269,0.30174863
4270,0.42132613
4271,0.2909519
4272,0.20102695
4273,0.6101911
4274,0.40076402
4275,0.33055013
4276,0.42337447
4277,0.3854554
4278,0.3087957
4279,0.44788244
4280,0.40988308
4281,0.33885238
4282,0.27233797
4283,0.39662194
4284,0.4651585
4285,0.4178882
4286,0.34869188
4287,0.41351324
4288,0.36681938
4289,0.4082275
4290,0.25664628
4291,0.25917852
4292,0.5313883
4293,0.308603
4294,0.21704653
4295,0.29654026
4296,0.43623677
4297,0.3307612
4298,0.27211106
4299,0.41351324
4300,0.23974589
4301,0.29483035
4302,0.16310057
4303,0.2781281
4304,0.4327355
4305,0.43693548
4306,0.40274125
4307,0.2777723
4308,0.358496
4309,0.2748757
4310,0.27089328
4311,0.4395246
4312,0.3781019
4313,0.36070275
4314,0.30494592
4315,0.31173342
4316,0.40796494
4317,0.3978665
4318,0.26611158
4319,0.4082275
4320,0.24239248
4321,0.3704474
4322,0.2601016
4323,0.280286
4324,0.43789753
4325,0.4068672
4326,0.42937633
4327,0.41176888
4328,0.2561537
4329,0.29734167
4330,0.38338408
4331,0.29096338
4332,0.42024407
4333,0.34869188
4334,0.2555713
4335,0.24791482
4336,0.42337447
4337,0.4272765
4338,0.32175213
4339,0.21759921
4340,0.23300207
4341,0.43035483
4342,0.4909344
4343,0.20390251
4344,0.4451066
4345,0.26901877
4346,0.2156727
4347,0.42267275
4348,0.45254952
4349,0.4082275
4350,0.22714508
4351,0.26578486
4352,0.38266554
4353,0.40527934
4354,0.27797568
4355,0.27552003
4356,0.4147578
4357,0.39326277
4358,0.42024407
4359,0.40274125
4360,0.44076917
4361,0.48420355
4362,0.3046638
4363,0.36941195
4364,0.32772475
4365,0.30433932
4366,0.25964308
4367,0.36567253
4368,0.15441704
4369,0.27718645
4370,0.33877409
4371,0.4089465
4372,0.3978665
4373,0.37085807
4374,0.34924173
4375,0.41176888
4376,0.42961082
4377,0.3117734
4378,0.30915377
4379,0.32883072
4380,0.4570685
4381,0.23300207
4382,0.3552493
4383,0.42337447
4384,0.4318893
4385,0.27938566
4386,0.24666795
4387,0.41119286
4388,0.41664362
4389,0.4082275
4390,0.39603326
4391,0.31698155
4392,0.39326277
4393,0.1383892
4394,0.33360624
4395,0.42267275
4396,0.4378197
4397,0.312554
4398,0.42024407
4399,0.18010661
4400,0.30915377
4401,0.2330097
4402,0.34914702
4403,0.3781221
4404,0.42603192
4405,0.40149665
4406,0.27320406
4407,0.4637003
4408,0.39011845
4409,0.3909034
4410,0.4082275
4411,0.4003905
4412,0.21254721
4413,0.32491636
4414,0.38266554
4415,0.30930772
4416,0.4082275
4417,0.33360624
4418,0.28851762
4419,0.29359016
4420,0.3001058
4421,0.297431
4422,0.4082275
4423,0.23196667
4424,0.48300472
4425,0.32117027
4426,0.345442
4427,0.28996462
4428,0.39662194
4429,0.32175213
4430,0.34501445
4431,0.41646063
4432,0.34914702
4433,0.27847418
4434,0.27847913
4435,0.47215512
4436,0.23748308
4437,0.361104
4438,0.27847913
4439,0.39450735
4440,0.23162606
4441,0.31020322
4442,0.30820408
4443,0.26503637
4444,0.41664362
4445,0.40988308
4446,0.31486133
4447,0.39326277
4448,0.25128132
4449,0.22452545
4450,0.28271645
4451,0.39326277
4452,0.39326277
4453,0.23350057
4454,0.38211748
4455,0.31477517
4456,0.36926138
4457,0.24775666
4458,0.19642556
4459,0.31344333
4460,0.32986075
4461,0.3001058
4462,0.42024407
4463,0.42337447
4464,0.22714508
4465,0.35784578
4466,0.4108963
4467,0.30947286
4468,0.6429411
4469,0.38781646
4470,0.23627836
4471,0.39326277
4472,0.6081355
4473,0.40527934
4474,0.18010661
4475,0.4502381
4476,0.4452638
4477,0.19194701
4478,0.42337447
4479,0.43192735
4480,0.31328565
4481,0.13389045
4482,0.31872123
4483,0.30930772
4484,0.42337447
4485,0.23481938
4486,0.2141768
4487,0.2687087
4488,0.3001058
4489,0.33360624
4490,0.259928
4491,0.39434344
4492,0.4082275
4493,0.408477
4494,0.2553184
4495,0.36078018
4496,0.31851023
4497,0.6177825
4498,0.39327547
4499,0.41491544
4500,0.4909344
4501,0.31112084
4502,0.27059248
4503,0.3781019
4504,0.3506804
4505,0.4856126
4506,0.30623454
4507,0.24035865
4508,0.42599943
4509,0.30174863
4510,0.24477959
4511,0.2330097
4512,0.5063731
4513,0.42813176
4514,0.39326277
4515,0.31173342
4516,0.37629735
4517,0.27598178
4518,0.2502162
4519,0.33467126
4520,0.42337447
4521,0.34869188
4522,0.26827735
4523,0.20102695
4524,0.4159358
4525,0.4171804
4526,0.33418226
4527,0.24994475
4528,0.4082275
4529,0.3333933
4530,0.44848388
4531,0.43809032
4532,0.39012527
4533,0.41106108
4534,0.4023911
4535,0.22590655
4536,0.42337447
4537,0.31425473
4538,0.30096352
4539,0.4082275
4540,0.42937633
4541,0.342103
4542,0.31419316
4543,0.3621102
4544,0.2858327
4545,0.22282559
4546,0.30494592
4547,0.25001317
4548,0.2773986
4549,0.34869188
4550,0.26351553
4551,0.43035483
4552,0.30568844
4553,0.42024407
4554,0.39012527
4555,0.22714508
4556,0.42337447
4557,0.38645715
4558,0.40527934
4559,0.26827735
4560,0.4077019
4561,0.15271387
4562,0.41351324
4563,0.40214187
4564,0.22826499
4565,0.44848388
4566,0.36070836
4567,0.4084097
4568,0.24727014
4569,0.4210989
4570,0.32457536
4571,0.37443167
4572,0.31507927
4573,0.32367876
4574,0.38757303
4575,0.4082275
4576,0.34660244
4577,0.4159358
4578,0.2330097
4579,0.26708937
4580,0.31425473
4581,0.31863424
4582,0.25955373
4583,0.60317236
4584,0.27847418
4585,0.3978665
4586,0.40527934
4587,0.37816617
4588,0.3572639
4589,0.19517004
4590,0.39326277
4591,0.29174352
4592,0.32627124
4593,0.3978665
4594,0.33503693
4595,0.2703948
4596,0.41176888
4597,0.4651585
4598,0.38266554
4599,0.2650445
4600,0.36070836
4601,0.4084097
4602,0.34559518
4603,0.24994475
4604,0.40149665
4605,0.26068932
4606,0.27797568
4607,0.24557662
4608,0.32506388
4609,0.4171804
4610,0.4185866
4611,0.49842122
4612,0.41176888
4613,0.33418226
4614,0.26736867
4615,0.4496774
4616,0.1217801
4617,0.26683432
4618,0.24569377
4619,0.41351324
4620,0.41664362
4621,0.39662194
4622,0.60630274
4623,0.338786
4624,0.39515176
4625,0.34914702
4626,0.40863848
4627,0.41664362
4628,0.34672445
4629,0.30419618
4630,0.29875505
4631,0.22349352
4632,0.25664628
4633,0.25341773
4634,0.2565044
4635,0.30788878
4636,0.4082275
4637,0.3251526
4638,0.18010661
4639,0.22196037
4640,0.39131033
4641,0.2612694
4642,0.22764355
4643,0.23300207
4644,0.40928936
4645,0.42024407
4646,0.34804538
4647,0.39326277
4648,0.4159358
4649,0.39326277
4650,0.28420994
4651,0.24819049
4652,0.2945326
4653,0.27892035
4654,0.42064455
4655,0.38757303
4656,0.3978665
4657,0.34254268
4658,0.42923245
4659,0.42024407
4660,0.20102695
4661,0.40274125
4662,0.2904907
4663,0.33511883
4664,0.21398464
4665,0.4651585
4666,0.27264997
4667,0.3548244
4668,0.26486382
4669,0.3992607
4670,0.31934312
4671,0.24079704
4672,0.27847418
4673,0.38200834
4674,0.3541114
4675,0.34914702
4676,0.24049541
4677,0.5368076
4678,0.36327818
4679,0.38578787
4680,0.3001058
4681,0.34562492
4682,0.24559224
4683,0.26827735
4684,0.4082275
4685,0.22714508
4686,0.3369329
4687,0.47858867
4688,0.34514326
4689,0.2161021
4690,0.20831406
4691,0.34366074
4692,0.29980975
4693,0.23042133
4694,0.31525272
4695,0.27367097
4696,0.23748308
4697,0.38791487
4698,0.42337447
4699,0.3181018
4700,0.28664926
4701,0.27938566
4702,0.17342737
4703,0.27076426
4704,0.4082275
4705,0.4651585
4706,0.32044348
4707,0.42337447
4708,0.26042646
4709,0.4156804
4710,0.332023
4711,0.39982247
4712,0.49842122
4713,0.45103
4714,0.4651585
4715,0.46226016
4716,0.3390653
4717,0.2591446
4718,0.38578787
4719,0.42024407
4720,0.36831617
4721,0.41664362
4722,0.26611158
4723,0.3781019
4724,0.26055455
4725,0.4065239
4726,0.34914702
4727,0.29174352
4728,0.19911325
4729,0.4128176
4730,0.40149665
4731,0.40149665
4732,0.4082275
4733,0.26453787
4734,0.32115966
4735,0.28576466
4736,0.39324886
4737,0.34773213
4738,0.46646196
4739,0.34914702
4740,0.2703948
4741,0.39326277
4742,0.24994475
4743,0.40527934
4744,0.3392613
4745,0.4082275
4746,0.4159358
4747,0.4084097
4748,0.4651585
4749,0.26827735
4750,0.38256702
4751,0.26163247
4752,0.4802261
4753,0.44047105
4754,0.33801302
4755,0.426875
4756,0.34869188
4757,0.19517004
4758,0.5063731
4759,0.53196377
4760,0.4344057
4761,0.49842122
4762,0.38561708
4763,0.21606159
4764,0.3087957
4765,0.3332697
4766,0.4651585
4767,0.4909344
4768,0.30082852
4769,0.3232897
4770,0.24741575
4771,0.43809032
4772,0.41301346
4773,0.31874466
4774,0.29636633
4775,0.34914702
4776,0.20831406
4777,0.48300472
4778,0.34672445
4779,0.2669861
4780,0.35323155
4781,0.39662194
4782,0.38237083
4783,0.37516975
4784,0.3354509
4785,0.27599925
4786,0.39326277
4787,0.19541553
4788,0.38041705
4789,0.4651585
4790,0.4171804
4791,0.35780087
4792,0.43809032
4793,0.4427513
4794,0.32175213
4795,0.2248838
4796,0.44300735
4797,0.42981994
4798,0.28986502
4799,0.25507283
4800,0.3777908
4801,0.34914702
4802,0.33360624
4803,0.22146747
4804,0.39450735
4805,0.40114653
4806,0.3030559
4807,0.5063731
4808,0.23179737
4809,0.4052415
4810,0.2813943
4811,0.31328565
4812,0.40527934
4813,0.26925692
4814,0.35878104
4815,0.41230565
4816,0.27292955
4817,0.4651585
4818,0.4159358
4819,0.43149093
4820,0.28433108
4821,0.4269749
4822,0.18972683
4823,0.2920503
4824,0.27690434
4825,0.21791628
4826,0.471824
4827,0.32953146
4828,0.23179737
4829,0.27690434
4830,0.31425473
4831,0.36784977
4832,0.25530314
4833,0.35400814
4834,0.37443167
4835,0.41230565
4836,0.5981914
4837,0.4082275
4838,0.4651585
4839,0.27061737
4840,0.28466362
4841,0.39951944
4842,0.32491636
4843,0.3978665
4844,0.43035483
4845,0.3944105
4846,0.40896374
4847,0.43502665
4848,0.42024407
4849,0.28508526
4850,0.4082275
4851,0.39011845
4852,0.2502162
4853,0.6115884
4854,0.44848388
4855,0.21221301
4856,0.32781065
4857,0.24335647
4858,0.36058003
4859,0.34813124
4860,0.42337447
4861,0.40216908
4862,0.448529
4863,0.32457536
4864,0.40674496
4865,0.27248517
4866,0.3188683
4867,0.32075956
4868,0.23627836
4869,0.30419618
4870,0.23627836
4871,0.39662194
4872,0.235686
4873,0.29445457
4874,0.6379166
4875,0.39326277
4876,0.6128425
4877,0.60317236
4878,0.40274125
4879,0.4742821
4880,0.31376517
4881,0.36070836
4882,0.4071553
4883,0.37848732
4884,0.4082275
4885,0.36941195
4886,0.2838756
4887,0.27413425
4888,0.2612694
4889,0.21417096
4890,0.35629958
4891,0.1997554
4892,0.39326277
4893,0.3992607
4894,0.2853651
4895,0.29516533
4896,0.34672445
4897,0.33653542
4898,0.2678141
4899,0.27059248
4900,0.42267275
4901,0.4103595
4902,0.39662194
4903,0.23587763
4904,0.40875378
4905,0.43752474
4906,0.5626417
4907,0.45569652
4908,0.23162606
4909,0.3978665
4910,0.27059248
4911,0.4082275
4912,0.4909344
4913,0.47124803
4914,0.43789753
4915,0.2576257
4916,0.27276176
4917,0.15596509
4918,0.42493185
4919,0.36595523
4920,0.42337447
4921,0.40076402
4922,0.38470927
4923,0.21208936
4924,0.24205154
4925,0.28420994
4926,0.32558918
4927,0.28245658
4928,0.22714508
4929,0.22714508
4930,0.4171804
4931,0.31328565
4932,0.18879649
4933,0.34986177
4934,0.44399586
4935,0.27581722
4936,0.27076426
4937,0.3243544
4938,0.3070156
4939,0.27033913
4940,0.37343884
4941,0.39326277
4942,0.22146747
4943,0.363131
4944,0.32367876
4945,0.4082275
4946,0.3843725
4947,0.26951727
4948,0.45771983
4949,0.24501869
4950,0.4651585
4951,0.40149665
4952,0.27059248
4953,0.1539666
4954,0.34869188
4955,0.44252312
4956,0.42337447
4957,0.28420994
4958,0.31173342
4959,0.42337447
4960,0.1565474
4961,0.33418226
4962,0.5065035
4963,0.39012527
4964,0.40999758
4965,0.4082275
4966,0.4395246
4967,0.41351324
4968,0.2507147
4969,0.27938566
4970,0.26407158
4971,0.4346893
4972,0.2627312
4973,0.40274125
4974,0.42024407
4975,0.2401875
4976,0.34512538
4977,0.12551913
4978,0.33360624
4979,0.44076917
4980,0.23930934
4981,0.31546208
4982,0.32535666
4983,0.5063731
4984,0.42024407
4985,0.3835609
4986,0.26055402
4987,0.4082275
4988,0.2959739
4989,0.40149665
4990,0.32691908
4991,0.39326277
4992,0.39326277
4993,0.1217801
4994,0.39150545
4995,0.27270555
4996,0.2913364
4997,0.42981994
4998,0.40527934
4999,0.23196667
5000,0.39326277
5001,0.39326277
5002,0.31738958
5003,0.3414333
5004,0.42173815
5005,0.19710419
5006,0.40149665
5007,0.33211955
5008,0.39662194
5009,0.57222354
5010,0.39801615
5011,0.49842122
5012,0.29483035
5013,0.42337447
5014,0.27847418
5015,0.2606327
5016,0.49842122
5017,0.42267275
5018,0.2917961
5019,0.31328565
5020,0.39662194
5021,0.23162606
5022,0.49842122
5023,0.34869188
5024,0.2992689
5025,0.39012527
5026,0.42337447
5027,0.4016041
5028,0.2413407
5029,0.40274125
5030,0.23196667
5031,0.26935798
5032,0.48179173
5033,0.38781646
5034,0.42337447
5035,0.30403998
5036,0.41230565
5037,0.37644726
5038,0.30050594
5039,0.30419618
5040,0.31910294
5041,0.3433208
5042,0.32381958
5043,0.3148088
5044,0.4651585
5045,0.46348113
5046,0.18064746
5047,0.22764355
5048,0.45489904
5049,0.4178882
5050,0.41106108
5051,0.28433108
5052,0.44593006
5053,0.40484685
5054,0.47751844
5055,0.42337447
5056,0.44788244
5057,0.2813943
5058,0.33999074
5059,0.27938566
5060,0.38578787
5061,0.27533686
5062,0.33364388
5063,0.42337447
5064,0.2435093
5065,0.27624136
5066,0.2480025
5067,0.19476855
5068,0.18395334
5069,0.24824157
5070,0.3499229
5071,0.448529
5072,0.35268545
5073,0.43807682
5074,0.292835
5075,0.30783665
5076,0.42024407
5077,0.386107
5078,0.25910026
5079,0.40149665
5080,0.2354415
5081,0.417107
5082,0.42896503
5083,0.26827735
5084,0.38266554
5085,0.39326277
5086,0.27938566
5087,0.2581985
5088,0.24747163
5089,0.35629958
5090,0.29380986
5091,0.40149665
5092,0.3425666
5093,0.3390653
5094,0.4795696
5095,0.39638907
5096,0.26827735
5097,0.34672445
5098,0.34869188
5099,0.22248703
5100,0.36316568
5101,0.30621946
5102,0.30587977
5103,0.19063485
5104,0.31874466
5105,0.31723636
5106,0.42337447
5107,0.42024407
5108,0.38225794
5109,0.42337447
5110,0.2866189
5111,0.3638236
5112,0.358496
5113,0.38781646
5114,0.22724023
5115,0.40114653
5116,0.3092695
5117,0.23212457
5118,0.29607597
5119,0.32505056
5120,0.41230565
5121,0.4272765
5122,0.32781065
5123,0.42024407
5124,0.4651585
5125,0.20102695
5126,0.2565231
5127,0.39450735
5128,0.40674496
5129,0.26901877
5130,0.26639944
5131,0.25763893
5132,0.26877582
5133,0.23774049
5134,0.37096006
5135,0.22764355
5136,0.24385124
5137,0.41351324
5138,0.3117734
5139,0.3618676
5140,0.3978665
5141,0.42856818
5142,0.3572639
5143,0.34988922
5144,0.32175213
5145,0.3092876
5146,0.26827884
5147,0.39326277
5148,0.4909344
5149,0.49842122
5150,0.27599925
5151,0.2838756
5152,0.42024407
5153,0.3087957
5154,0.42024407
5155,0.20831406
5156,0.2318055
5157,0.42337447
5158,0.24728048
5159,0.34672445
5160,0.41975838
5161,0.27059248
5162,0.3978665
5163,0.30419618
5164,0.36338162
5165,0.31173342
5166,0.42813176
5167,0.27059248
5168,0.31626335
5169,0.49842122
5170,0.32986075
5171,0.34914702
5172,0.23350057
5173,0.3843725
5174,0.2466994
5175,0.42024407
5176,0.39007187
5177,0.37585992
5178,0.35723066
5179,0.41491544
5180,0.1888408
5181,0.42024407
5182,0.40824494
5183,0.30096352
5184,0.31738958
5185,0.18770906
5186,0.48757055
5187,0.358496
5188,0.3781019
5189,0.37905702
5190,0.26163644
5191,0.36289844
5192,0.23162606
5193,0.40214086
5194,0.39326277
5195,0.28689322
5196,0.39503533
5197,0.37427676
5198,0.4159358
5199,0.29373306
5200,0.4909344
5201,0.27292222
5202,0.29980975
5203,0.29422766
5204,0.39326277
5205,0.26453233
5206,0.3051746
5207,0.38623258
5208,0.42024407
5209,0.25607312
5210,0.25421438
5211,0.24362391
5212,0.29532886
5213,0.33360624
5214,0.24111348
5215,0.42337447
5216,0.2827047
5217,0.41398287
5218,0.32044348
5219,0.31173342
5220,0.49842122
5221,0.40149665
5222,0.37942
5223,0.4025023
5224,0.4033723
5225,0.42337447
5226,0.39662194
5227,0.22764355
5228,0.4401483
5229,0.3781019
5230,0.338786
5231,0.26346886
5232,0.4067838
5233,0.4224607
5234,0.26962417
5235,0.35850847
5236,0.24944627
5237,0.28299683
5238,0.39662194
5239,0.21417096
5240,0.2703948
5241,0.42024407
5242,0.41176888
5243,0.338786
5244,0.27026576
5245,0.13335222
5246,0.40881708
5247,0.31197494
5248,0.35926896
5249,0.2938248
5250,0.3981101
5251,0.27395117
5252,0.22714508
5253,0.29636633
5254,0.32175213
5255,0.23300207
5256,0.37814367
5257,0.40149665
5258,0.4082275
5259,0.21663198
5260,0.3095243
5261,0.39326277
5262,0.19517004
5263,0.26382595
5264,0.60630274
5265,0.4159358
5266,0.35998154
5267,0.20956692
5268,0.46183094
5269,0.1539666
5270,0.23363894
5271,0.4082275
5272,0.42024407
5273,0.29474935
5274,0.2690611
5275,0.41093
5276,0.3978665
5277,0.22714508
5278,0.26827735
5279,0.41230565
5280,0.31173342
5281,0.3978665
5282,0.29445457
5283,0.27059248
5284,0.28996462
5285,0.4016041
5286,0.3978665
5287,0.42291617
5288,0.3781019
5289,0.3701812
5290,0.20855191
5291,0.3228711
5292,0.27764875
5293,0.41176888
5294,0.48363957
5295,0.32547224
5296,0.39870787
5297,0.39662194
5298,0.29980975
5299,0.4082275
5300,0.23818585
5301,0.42583466
5302,0.22714508
5303,0.40839988
5304,0.308603
5305,0.21169186
5306,0.320809
5307,0.33360624
5308,0.3560083
5309,0.42813176
5310,0.13438892
5311,0.4239964
5312,0.2242603
5313,0.19670144
5314,0.44662893
5315,0.23674029
5316,0.34366074
5317,0.471824
5318,0.40499467
5319,0.26888973
5320,0.3031126
5321,0.32816368
5322,0.2515637
5323,0.4082275
5324,0.34869188
5325,0.3781019
5326,0.32781065
5327,0.34869188
5328,0.28370094
5329,0.42024407
5330,0.4188819
5331,0.17375734
5332,0.36166567
5333,0.35792303
5334,0.40274125
5335,0.2813943
5336,0.49169037
5337,0.34804538
5338,0.27863038
5339,0.2959739
5340,0.23176315
5341,0.14823097
5342,0.42267275
5343,0.43224505
5344,0.4651585
5345,0.30374122
5346,0.5230759
5347,0.42337447
5348,0.15977547
5349,0.33754143
5350,0.22026277
5351,0.23179737
5352,0.40467355
5353,0.42267275
5354,0.41491544
5355,0.4909344
5356,0.4824822
5357,0.4412207
5358,0.30419618
5359,0.41398287
5360,0.31872123
5361,0.32295847
5362,0.33360624
5363,0.42568737
5364,0.25807327
5365,0.44213843
5366,0.4154131
5367,0.5063731
5368,0.39528707
5369,0.23630336
5370,0.23695478
5371,0.3781019
5372,0.39450735
5373,0.37730503
5374,0.33224562
5375,0.23162606
5376,0.59127223
5377,0.38256702
5378,0.31943825
5379,0.20831406
5380,0.5988641
5381,0.42775595
5382,0.35555762
5383,0.23750275
5384,0.35998154
5385,0.21791628
5386,0.22036105
5387,0.39740488
5388,0.31804407
5389,0.40274125
5390,0.39662194
5391,0.27705288
5392,0.308603
5393,0.26952302
5394,0.36941195
5395,0.34869188
5396,0.40149665
5397,0.24450216
5398,0.27059248
5399,0.15930995
5400,0.34953845
5401,0.4121028
5402,0.35629958
5403,0.20696175
5404,0.24980819
5405,0.25038704
5406,0.39326277
5407,0.22594038
5408,0.22231737
5409,0.35872373
5410,0.4651585
5411,0.3645336
5412,0.36831617
5413,0.21375963
5414,0.32548112
5415,0.312693
5416,0.4082275
5417,0.34914702
5418,0.38189697
5419,0.27292955
5420,0.6177825
5421,0.24588215
5422,0.3046638
5423,0.23748308
5424,0.60317236
5425,0.38267648
5426,0.4103595
5427,0.38101333
5428,0.26478708
5429,0.41351324
5430,0.29223824
5431,0.30419618
5432,0.19560653
5433,0.40274125
5434,0.31872123
5435,0.20488471
5436,0.30621946
5437,0.49964225
5438,0.42337447
5439,0.3978665
5440,0.49169037
5441,0.2904907
5442,0.40274125
5443,0.29498357
5444,0.28973746
5445,0.26707265
5446,0.20102695
5447,0.25514066
5448,0.39326277
5449,0.4156804
5450,0.4651585
5451,0.30648944
5452,0.31425473
5453,0.2330097
5454,0.3046638
5455,0.24000725
5456,0.3618676
5457,0.23162606
5458,0.34914702
5459,0.42337447
5460,0.4651585
5461,0.31075585
5462,0.599436
5463,0.44848388
5464,0.3255266
5465,0.4119051
5466,0.2413407
5467,0.29931125
5468,0.30345652
5469,0.3978665
5470,0.31831324
5471,0.4084097
5472,0.2565186
5473,0.37388358
5474,0.26503637
5475,0.29941133
5476,0.32217598
5477,0.26341423
5478,0.39971828
5479,0.23748308
5480,0.27325672
5481,0.42797872
5482,0.40274125
5483,0.2796005
5484,0.25964308
5485,0.41975838
5486,0.27276397
5487,0.27861515
5488,0.32261622
5489,0.3133385
5490,0.40881708
5491,0.30459577
5492,0.34241617
5493,0.23162606
5494,0.27911365
5495,0.42291617
5496,0.42337447
5497,0.39326277
5498,0.29980975
5499,0.36941195
5500,0.29090577
5501,0.49842122
5502,0.39662194
5503,0.21664023
5504,0.26827735
5505,0.45987827
5506,0.34366074
5507,0.5395934
5508,0.43789753
5509,0.33055013
5510,0.30174863
5511,0.36674237
5512,0.27318656
5513,0.4082275
5514,0.32081223
5515,0.28508526
5516,0.27911365
5517,0.3978665
5518,0.4909344
5519,0.4909344
5520,0.42337447
5521,0.2633332
5522,0.4159358
5523,0.4651585
5524,0.36871457
5525,0.41351324
5526,0.40274125
5527,0.27059248
5528,0.4651585
5529,0.3433208
5530,0.30419618
5531,0.31804407
5532,0.39441866
5533,0.38101333
5534,0.28291756
5535,0.13974735
5536,0.3844735
5537,0.15441704
5538,0.4082275
5539,0.4651585
5540,0.3978665
5541,0.42337447
5542,0.41301346
5543,0.37947655
5544,0.4327355
5545,0.31173342
5546,0.2698424
5547,0.27325672
5548,0.23212457
5549,0.25906682
5550,0.3476848
5551,0.24216154
5552,0.33418226
5553,0.41351324
5554,0.41350427
5555,0.23300207
5556,0.30419618
5557,0.42024407
5558,0.42267275
5559,0.3572639
5560,0.2922163
5561,0.42907703
5562,0.4082275
5563,0.32871586
5564,0.40274125
5565,0.35868478
5566,0.35850847
5567,0.34421343
5568,0.35401934
5569,0.32457536
5570,0.60630274
5571,0.4327355
5572,0.27248517
5573,0.40274125
5574,0.33358896
5575,0.3202342
5576,0.28720665
5577,0.23042133
5578,0.31874466
5579,0.41351324
5580,0.41975838
5581,0.29223445
5582,0.46869427
5583,0.2662542
5584,0.34869188
5585,0.3363634
5586,0.35494626
5587,0.42337447
5588,0.24646717
5589,0.4824822
5590,0.40527934
5591,0.3875457
5592,0.44047105
5593,0.39326277
5594,0.32535666
5595,0.41351324
5596,0.41367084
5597,0.42024407
5598,0.34953845
5599,0.27690434
5600,0.41351324
5601,0.4082275
5602,0.2753542
5603,0.42337447
5604,0.42486855
5605,0.49842122
5606,0.4159358
5607,0.2482096
5608,0.20919144
5609,0.4159358
5610,0.4651585
5611,0.21894267
5612,0.29511157
5613,0.2920503
5614,0.39801615
5615,0.22714508
5616,0.39662194
5617,0.2959739
5618,0.36343557
5619,0.36058003
5620,0.41301346
5621,0.31328565
5622,0.41128194
5623,0.34953845
5624,0.22865734
5625,0.34869188
5626,0.29772824
5627,0.2635802
5628,0.31173342
5629,0.32786912
5630,0.42267275
5631,0.3489319
5632,0.4082275
5633,0.3087957
5634,0.30387753
5635,0.22354516
5636,0.42337447
5637,0.28762454
5638,0.37199813
5639,0.3085568
5640,0.39814353
5641,0.34914702
5642,0.2006242
5643,0.26822627
5644,0.60317236
5645,0.29032266
5646,0.4159358
5647,0.3978665
5648,0.27275825
5649,0.41106108
5650,0.23748308
5651,0.31328565
5652,0.4084097
5653,0.34914702
5654,0.4072008
5655,0.40149665
5656,0.49842122
5657,0.3384544
5658,0.1964547
5659,0.4412207
5660,0.26611158
5661,0.31036723
5662,0.3572639
5663,0.41176888
5664,0.5672461
5665,0.3390653
5666,0.4082275
5667,0.40274125
5668,0.31470674
5669,0.28297126
5670,0.1217801
5671,0.41351324
5672,0.34914702
5673,0.2273244
5674,0.45411563
5675,0.32491636
5676,0.27059248
5677,0.30419618
5678,0.49293494
5679,0.3893916
5680,0.29517
5681,0.33078834
5682,0.24695385
5683,0.30942267
5684,0.39450735
5685,0.40221518
5686,0.39326277
5687,0.4067728
5688,0.40149665
5689,0.36403382
5690,0.45842764
5691,0.3001058
5692,0.42024407
5693,0.43149093
5694,0.2959739
5695,0.41351324
5696,0.39012527
5697,0.3333098
5698,0.4318893
5699,0.21557218
5700,0.312693
5701,0.18855482
5702,0.363131
5703,0.32367876
5704,0.2198109
5705,0.31882662
5706,0.49842122
5707,0.26010484
5708,0.42024407
5709,0.4909344
5710,0.41367084
5711,0.4171804
5712,0.15814158
5713,0.40024313
5714,0.38941628
5715,0.39450735
5716,0.3087957
5717,0.27847418
5718,0.29654026
5719,0.42024407
5720,0.20488471
5721,0.40149665
5722,0.24029854
5723,0.32154417
5724,0.19517004
5725,0.26578486
5726,0.27861515
5727,0.23300207
5728,0.41398287
5729,0.35268545
5730,0.31520122
5731,0.3188683
5732,0.42337447
5733,0.41418564
5734,0.42337447
5735,0.27756894
5736,0.427244
5737,0.4082275
5738,0.23065239
5739,0.2841436
5740,0.2679952
5741,0.29380894
5742,0.34914702
5743,0.38227555
5744,0.36332458
5745,0.43711188
5746,0.26796705
5747,0.23556072
5748,0.36708668
5749,0.29980975
5750,0.31454492
5751,0.39450735
5752,0.40387
5753,0.2795695
5754,0.38145328
5755,0.27599925
5756,0.26358557
5757,0.39326277
5758,0.31963578
5759,0.40214187
5760,0.3379014
5761,0.28851762
5762,0.4617405
5763,0.272735
5764,0.31815672
5765,0.37978786
5766,0.24728048
5767,0.25903803
5768,0.30419618
5769,0.39302993
5770,0.48420355
5771,0.3978665
5772,0.2593317
5773,0.23162606
5774,0.32175213
5775,0.4856126
5776,0.27938566
5777,0.49842122
5778,0.40274125
5779,0.41785622
5780,0.42024407
5781,0.29142272
5782,0.4651585
5783,0.29931125
5784,0.22883087
5785,0.2405096
5786,0.34914702
5787,0.37144655
5788,0.32175213
5789,0.23162606
5790,0.2838326
5791,0.2929423
5792,0.3781019
5793,0.2922461
5794,0.27398917
5795,0.2838756
5796,0.22011384
5797,0.4082275
5798,0.3512208
5799,0.42337447
5800,0.26146278
5801,0.22146747
5802,0.34914702
5803,0.23748308
5804,0.42024407
5805,0.40674496
5806,0.32986075
5807,0.4084097
5808,0.3117734
5809,0.33360624
5810,0.31723636
5811,0.30419618
5812,0.54279137
5813,0.39094365
5814,0.4077019
5815,0.34672445
5816,0.24463251
5817,0.31173342
5818,0.40988308
5819,0.42337447
5820,0.42024407
5821,0.3145553
5822,0.42337447
5823,0.2748757
5824,0.30881214
5825,0.345442
5826,0.39662194
5827,0.4071553
5828,0.2984053
5829,0.27413425
5830,0.5424741
5831,0.53553724
5832,0.42267275
5833,0.43512788
5834,0.38266554
5835,0.2959739
5836,0.6497838
5837,0.2330097
5838,0.41692498
5839,0.45637193
5840,0.40988308
5841,0.5064908
5842,0.4425709
5843,0.40274125
5844,0.20170546
5845,0.4002581
5846,0.35148075
5847,0.37804812
5848,0.49842122
5849,0.23212457
5850,0.26877582
5851,0.37443167
5852,0.379971
5853,0.3045296
5854,0.25964308
5855,0.3978665
5856,0.3052528
5857,0.23748308
5858,0.1217801
5859,0.35998154
5860,0.36070836
5861,0.23798159
5862,0.2873152
5863,0.23748308
5864,0.48544812
5865,0.27276176
5866,0.4156804
5867,0.259297
5868,0.38599956
5869,0.40552822
5870,0.28404403
5871,0.40149665
5872,0.31626335
5873,0.33360624
5874,0.2651742
5875,0.3087957
5876,0.4082275
5877,0.42337447
5878,0.40221876
5879,0.38101333
5880,0.48300472
5881,0.4651585
5882,0.3117867
5883,0.36428195
5884,0.16236061
5885,0.2961271
5886,0.21728998
5887,0.5890241
5888,0.34465033
5889,0.6497838
5890,0.37144655
5891,0.48544812
5892,0.37144655
5893,0.34249657
5894,0.3893916
5895,0.40274125
5896,0.36070836
5897,0.41398287
5898,0.17375734
5899,0.22051537
5900,0.21074158
5901,0.31804407
5902,0.36014992
5903,0.35042137
5904,0.26309717
5905,0.40863848
5906,0.45987827
5907,0.41664362
5908,0.36831617
5909,0.26856154
5910,0.3070023
5911,0.27325672
5912,0.3087957
5913,0.3618676
5914,0.18868375
5915,0.36062303
5916,0.4346893
5917,0.4909344
5918,0.49842122
5919,0.4651585
5920,0.27413425
5921,0.23300207
5922,0.21124336
5923,0.4159358
5924,0.43807682
5925,0.15706217
5926,0.3978665
5927,0.42337447
5928,0.17478997
5929,0.22714508
5930,0.38770172
5931,0.19629636
5932,0.42024407
5933,0.16430527
5934,0.39662194
5935,0.32067773
5936,0.2838326
5937,0.40940765
5938,0.41703808
5939,0.4156804
5940,0.338786
5941,0.28973746
5942,0.2967244
5943,0.41367084
5944,0.23212457
5945,0.22714508
5946,0.23300207
5947,0.23162606
5948,0.4651585
5949,0.35711324
5950,0.41176888
5951,0.39450735
5952,0.30419618
5953,0.3140011
5954,0.23802662
5955,0.4082275
5956,0.37296438
5957,0.41176888
5958,0.32232916
5959,0.30807385
5960,0.39450735
5961,0.27275825
5962,0.42337447
5963,0.32545984
5964,0.4909344
5965,0.23143804
5966,0.52581716
5967,0.42337447
5968,0.42024407
5969,0.39326277
5970,0.3348876
5971,0.49842122
5972,0.30174863
5973,0.32664886
5974,0.49842122
5975,0.50324273
5976,0.27248517
5977,0.47925112
5978,0.42337447
5979,0.47266304
5980,0.42391732
5981,0.40149665
